{
  "name": "Latte",
  "version": "v1.0.0",
  "author": "",
  "applicable_models": [
    "C1-1.0+",
    "C2-2.0+"
  ],
  "bin_mapping": {
    "bin1": "coffee_beans_A",
    "bin2": "milk_A"
  },
  "steps": [
    {
      "step_id": "s1",
      "type": "grind",
      "params": {
        "dose_g": 18,
        "grind_time_ms": 6200,
        "grind_level": 5
      }
    },
    {
      "step_id": "s2",
      "type": "tamp",
      "params": {
        "pressure_kpa": 30,
        "duration_ms": 1500
      }
    },
    {
      "step_id": "s3",
      "type": "brew",
      "params": {
        "water_ml": 35,
        "water_temp_c": 92,
        "pump_time_ms": 23000
      }
    },
    {
      "step_id": "s4",
      "type": "milk",
      "params": {
        "milk_ml": 180,
        "steam_time_ms": 12000
      }
    }
  ],
  "estimated_time_s": null
}