{
  "name": "Espresso",
  "version": "v1.0.0",
  "author": "",
  "applicable_models": [
    "C1-1.0+"
  ],
  "bin_mapping": {
    "bin1": "coffee_beans_A"
  },
  "steps": [
    {
      "step_id": "s1",
      "type": "grind",
      "params": {
        "dose_g": 18,
        "grind_time_ms": 6000,
        "grind_level": 5
      }
    },
    {
      "step_id": "s2",
      "type": "tamp",
      "params": {
        "pressure_kpa": 30,
        "duration_ms": 1500
      }
    },
    {
      "step_id": "s3",
      "type": "brew",
      "params": {
        "water_ml": 40,
        "water_temp_c": 92,
        "pump_time_ms": 25000
      }
    }
  ],
  "estimated_time_s": null
}