{
  "name": "TestCappuccino",
  "version": "v2.0.0",
  "author": "1",
  "applicable_models": [
    "C1-1.0+",
    "C2-2.0+"
  ],
  "bin_mapping": {},
  "steps": [
    {
      "type": "grind",
      "material": "coffee_bean",
      "amount": 18,
      "duration": 10
    },
    {
      "type": "extract",
      "pressure": 9,
      "temperature": 93,
      "duration": 25
    },
    {
      "type": "steam",
      "material": "milk",
      "amount": 120,
      "temperature": 65
    }
  ],
  "estimated_time_s": null
}